ID,Category
16585,4
348,2
12085,0
1804,3
10692,0
11598,3
10686,3
12091,0
1810,0
6819,1
412,0
3949,1
7291,1
7285,3
19846,3
8808,3
12913,0
16546,1
4001,1
10651,1
3008,0
14437,0
12052,4
9257,3
14423,4
10645,0
4773,0
19661,4
10123,2
14345,1
12734,4
3752,4
18557,2
1145,0
9519,2
13364,2
17102,4
18225,4
16208,3
3020,3
7246,4
13416,1
15067,0
11201,3
17670,0
11956,2
5860,1
13199,4
14190,2
7911,4
2869,1
9928,0
13833,0
8388,0
9096,4
5874,3
14812,4
176,1
5684,2
19488,4
16963,4
604,3
2699,0
5690,4
14635,2
9041,1
11995,4
2672,3
4203,3
12522,0
837,1
6414,2
823,1
16988,3
11759,0
17328,4
12250,2
3236,3
17300,2
18033,1
13166,4
8363,0
1347,2
10309,1
17472,3
5135,3
2882,3
11003,4
7044,3
3222,4
19339,0
17314,0
14782,2
7865,2
9684,0
11836,1
3381,4
2921,3
7681,0
7859,1
5082,3
16803,4
3395,3
12330,3
14741,2
6206,3
10527,4
17248,2
19265,2
16156,1
3418,1
6560,0
943,0
13990,3
12324,3
14755,1
9121,0
17274,1
5733,4
18147,4
19259,4
8217,3
9109,2
13012,0
1233,4
5055,2
3430,0
17506,1
10269,2
13760,1
6548,3
8565,4
15311,1
12318,0
7130,0
14769,1
4439,4
12697,3
14580,0
4808,2
16397,3
228,0
17923,0
19926,4
5294,3
18386,0
4834,1
10902,0
1794,1
2289,3
5280,4
572,0
12654,3
14225,3
2504,4
16432,3
19067,3
2262,0
10725,0
6010,3
19073,4
10731,2
2510,4
6776,1
17710,4
12668,4
6986,4
8773,2
13576,0
1757,0
15661,3
8015,1
11407,1
3140,4
5531,0
18345,1
10719,2
11413,2
3154,2
13204,4
8001,2
18437,1
19729,4
7333,0
15674,2
8000,0
1742,2
17063,2
19728,3
17705,0
18436,3
9478,1
8766,1
1030,4
12669,4
6987,3
11360,4
18422,4
17077,4
1756,1
10730,3
5518,3
12127,4
6011,2
15890,3
17739,4
10056,3
2511,1
19700,0
8996,4
6763,0
12655,0
12133,4
15884,0
18378,2
4612,4
19066,4
3196,1
2288,2
215,2
19933,3
5295,2
19927,4
7482,3
12872,0
201,0
10903,2
3814,2
8799,1
6978,3
13588,2
3800,1
10081,4
17936,1
17088,0
15310,2
7657,3
1226,2
10268,0
18634,3
17261,3
13007,2
8202,3
15462,1
3343,0
18146,2
17275,2
17513,2
11162,1
3425,1
4362,0
956,4
9120,2
14754,0
2075,2
11638,2
19264,1
14740,0
7119,1
14998,4
15338,1
14026,1
13749,1
771,4
7694,1
1583,3
3394,4
18185,0
3380,0
1597,4
4389,3
5097,1
9685,3
13946,4
10283,1
7864,0
759,3
13952,4
981,4
3545,1
5134,4
18026,1
17315,3
3223,1
15516,4
2129,4
18032,2
3237,4
16779,4
2897,0
5120,1
17467,1
8404,1
7737,2
3579,3
5108,0
822,0
12537,0
2101,0
16037,2
11758,0
2115,4
11994,3
16023,4
9040,0
188,1
836,4
10334,0
9915,3
163,4
5691,0
177,4
9901,2
16962,4
2854,1
7904,2
639,1
11943,0
5861,2
10491,1
11957,4
2868,2
7910,3
14191,4
8174,3
15700,0
3021,1
11566,2
17671,1
5336,0
1150,3
7535,4
3753,2
17103,1
5444,4
13365,4
1622,2
7253,3
15714,2
4772,0
19106,1
10644,1
2303,1
14422,4
9256,4
9530,1
6603,4
2465,0
16553,0
16547,2
7509,0
9524,2
14350,3
13359,3
15728,2
3009,0
19112,3
10888,2
5478,4
361,4
3784,2
19847,0
3790,1
12906,4
413,0
1187,4
5487,4
4941,1
4969,3
3960,1
8835,0
6818,0
16584,2
3974,3
17854,1
16592,0
8189,4
12086,1
10691,1
8823,4
12938,2
18583,4
6826,0
6198,1
15919,4
3792,4
19689,3
4016,0
13429,2
15058,1
12737,4
12051,1
7279,1
6167,2
10646,1
19104,3
16237,0
4764,4
19110,0
16223,3
14434,3
388,2
8638,3
2473,1
1152,2
7523,2
17673,3
5334,2
18540,2
4994,3
11564,4
7245,0
7251,0
8162,1
18232,0
3037,3
11570,3
17667,1
5320,0
19892,3
13401,1
6629,0
8604,0
10487,0
5877,2
16790,0
18965,1
14193,3
12284,2
149,2
1393,4
3584,3
16974,1
2856,0
3590,4
16960,0
9903,3
13818,3
14811,3
11969,0
4599,2
6365,3
12253,1
820,3
2665,4
11028,1
12521,0
6417,2
13159,4
15528,1
3209,4
5678,3
2117,0
10450,0
1436,2
7047,1
11766,2
11000,0
3547,1
12509,4
7721,2
14178,3
7735,4
18756,2
2895,0
11772,4
8360,1
5903,0
12482,3
13950,1
983,2
16828,4
10281,4
18805,1
14959,0
3396,3
2088,3
18193,3
14971,3
767,2
19299,4
2077,3
10530,2
4406,3
15448,3
1218,4
9644,2
13987,1
19514,4
2711,4
10256,2
4374,3
798,3
940,4
6205,1
14742,2
8200,3
15474,1
13005,2
18150,0
17263,3
968,4
7899,0
14018,1
8572,0
3427,1
2739,4
5730,3
18144,4
17277,1
15460,3
8214,1
17920,0
10097,4
10929,3
1967,3
14597,4
14583,2
8957,3
5283,0
571,1
4823,4
3194,2
10901,0
203,0
6946,2
16425,1
9446,1
9320,1
19070,4
2275,0
11438,1
14540,4
7319,3
12131,2
14226,1
5268,3
19702,0
3619,3
6749,4
16419,1
11410,1
5526,1
2249,2
13207,4
14568,0
7331,1
15676,4
9308,2
3143,4
17075,3
5532,1
8770,0
17074,1
11405,0
15663,2
13212,3
1033,1
13574,4
15105,1
7442,2
3624,3
5255,4
11377,1
16418,2
5241,0
17706,3
1027,4
8765,0
12118,2
2248,0
18353,3
17060,4
7318,0
1769,3
16356,3
4611,3
19065,0
5269,2
2506,2
8995,0
6760,2
14227,2
9453,2
6774,0
8759,4
2512,0
4605,4
6012,0
1796,3
10900,4
3181,3
17909,3
6953,1
19930,4
4822,1
18390,2
15844,4
12695,2
558,2
8956,3
3803,2
10082,1
3817,4
10096,3
17921,1
12681,0
8942,1
9484,4
15688,1
16381,0
10928,4
2738,1
17510,4
5057,2
11161,4
12468,0
15307,1
7898,0
1231,2
15461,0
3340,4
5731,1
11613,2
17262,2
5725,3
1543,1
15475,1
15313,2
8567,4
13762,0
1225,0
13992,1
9651,0
799,3
2704,0
2062,3
14743,1
9137,0
13038,3
15449,0
16626,4
13986,2
14031,4
6576,2
9876,0
7683,3
18186,2
3383,3
1580,3
16801,1
772,2
7697,0
13979,0
10280,3
16829,0
9692,0
13789,4
14958,2
11834,0
14794,2
9686,1
7873,3
12483,2
18810,2
3552,0
1345,0
15273,3
7052,3
8361,0
13164,0
11773,3
10479,2
5889,0
13616,4
7720,1
3546,2
4229,3
5137,1
2658,1
1379,4
835,3
12520,0
19475,0
5679,2
4567,0
12246,4
9043,1
14623,3
9057,2
10445,0
2102,0
4573,2
4215,3
19461,4
14145,0
1386,1
5692,0
9916,4
18970,0
16785,4
7913,1
14192,1
12285,1
5876,0
14838,0
7907,4
16949,1
18233,0
4981,0
7250,4
15071,3
7536,2
13400,1
10109,0
18555,3
19887,3
1153,1
18227,0
5453,4
16222,2
10135,3
16544,2
8639,3
6614,4
14353,3
12736,1
14347,1
13428,1
16550,3
3778,4
11559,4
4771,2
19105,1
6166,3
12050,3
19688,1
1190,2
17869,0
4956,4
7287,2
12087,3
15930,3
14390,1
3977,4
17855,1
19878,4
438,3
8836,1
1812,3
12093,3
4952,1
3783,1
12915,4
400,1
17879,1
372,3
15908,2
9292,3
1816,1
12097,0
17689,1
9286,4
1802,2
4991,3
7240,1
8173,2
13376,4
14419,3
13410,4
3740,1
17676,2
18545,3
19897,2
17662,1
13404,1
7532,1
15713,2
13362,0
18237,3
11575,2
12054,2
399,0
14425,3
19101,0
4013,3
2462,1
18579,1
14343,0
9523,4
12726,0
16540,2
3768,2
17138,4
10657,1
4761,2
7268,2
1619,2
602,1
2847,4
18784,3
11978,2
164,2
7095,1
3595,4
2853,2
616,1
9906,3
16795,0
7903,3
14182,1
13835,4
9090,3
11950,3
12281,1
14828,4
14196,3
18974,1
18747,4
819,0
7724,1
13612,3
59,1
13174,1
5899,2
3230,2
10469,3
17306,3
15511,0
7056,4
15277,2
14169,3
18753,4
3556,1
825,1
14141,3
19465,1
2106,0
11987,3
5669,3
6360,0
14633,4
9047,4
12242,4
4205,1
831,4
776,4
3393,2
19288,0
14974,3
2927,2
9872,0
7687,2
762,4
10290,4
18814,1
992,4
9682,4
16193,0
11171,1
2728,0
5047,1
1221,0
8563,3
6228,2
17266,2
3350,0
17272,4
3344,3
7122,0
1235,4
13772,0
7644,2
11165,0
18627,2
17514,2
12444,0
9899,2
13982,4
951,1
19511,1
2072,1
10535,2
8239,2
12336,3
10521,3
4371,2
17528,2
6566,4
13996,2
7678,0
212,3
10910,3
3191,1
17919,4
12861,2
560,2
12875,4
18380,3
1792,1
14592,2
15854,1
12685,2
17925,4
19908,1
11398,2
8952,4
12849,1
12691,1
15698,4
14586,3
19049,1
3152,4
17064,3
18357,1
9319,0
1745,1
7334,4
6994,2
1023,2
17702,1
3634,2
3620,4
16408,2
15101,2
14579,3
1751,1
1989,3
8013,3
3146,1
11401,0
17070,4
14551,3
15897,2
17058,0
5279,4
2516,0
19713,3
8985,4
14237,4
9443,2
8991,2
9457,4
4173,0
16434,0
16352,3
9331,1
15883,1
4172,0
2503,3
10044,0
18418,4
9456,4
8990,2
8748,4
10722,0
16353,3
19060,2
2271,3
11428,4
16347,0
9324,3
6771,4
12647,3
4166,2
8774,3
15100,4
11366,3
3621,0
5250,3
18342,1
5536,4
2259,2
3147,1
7321,3
12109,1
1750,1
13217,3
15672,4
8006,4
5522,2
17065,3
11414,1
3153,4
19048,0
15114,1
7453,3
12848,2
9495,2
10087,3
16390,1
10939,3
15699,2
14593,3
16384,3
10093,3
3812,3
19921,3
7484,3
561,0
3184,3
10905,3
3190,0
1787,4
6956,1
7490,2
19935,3
19262,4
3379,0
5708,1
13029,4
7679,1
9654,1
11158,2
4370,3
10252,1
4364,2
950,0
788,1
8238,1
13015,2
15464,4
1234,1
9668,4
5046,2
11170,3
4358,4
16179,1
5720,0
13001,2
15470,1
8204,1
7862,1
8589,0
13954,4
9683,4
13940,4
12486,2
18815,1
10291,1
2098,2
6598,3
13968,4
9873,4
2926,2
19289,1
11992,4
10454,0
16025,4
8358,3
14632,1
9720,3
14154,0
6413,0
19470,2
2675,3
14140,1
9734,4
64,3
12257,0
10440,4
4576,1
17307,1
11776,0
16019,0
4238,4
11010,1
2649,0
18752,3
12519,0
58,1
13613,0
818,1
3543,1
11004,2
18746,3
5132,1
8370,1
12280,2
5867,4
14197,2
13834,3
7902,3
16794,0
18961,0
5873,0
12294,4
5683,1
9907,2
1383,3
18949,3
16970,2
9913,3
1397,1
4589,0
5697,1
5318,3
3769,3
19672,1
15048,3
6611,0
9522,4
14356,3
4760,0
10656,0
19100,3
2305,1
14342,3
10124,3
15074,1
13405,4
19896,1
11212,2
3755,1
4984,1
9278,4
1624,0
8166,1
12069,2
5456,2
18544,2
11206,4
429,1
14395,3
16582,1
9287,3
15935,4
13388,4
10681,4
17850,4
16596,3
8833,2
17878,3
18593,3
1181,1
373,2
10871,0
1195,1
12914,4
6822,3
18587,2
5483,0
4945,1
12902,1
1183,3
18585,4
365,4
7280,0
12080,0
11589,0
4979,4
10697,1
3970,2
17846,2
15089,0
8825,4
9291,4
1626,2
5440,2
11576,4
3031,0
3757,2
18552,4
5326,1
17661,1
7531,1
9508,3
1154,1
13413,1
8616,4
3743,2
17113,2
3025,3
15704,1
8170,1
1632,2
13375,0
8158,2
14432,3
14354,3
9520,2
12725,4
16543,2
16557,3
17891,3
12731,4
15738,4
19102,2
4776,4
7928,2
615,4
1381,3
601,1
3582,2
19499,0
7914,4
18977,3
10495,2
9087,2
13188,3
5871,4
18963,3
7900,1
14181,2
13605,2
18988,2
18036,0
5642,4
13163,4
1424,2
7041,4
4548,1
3227,4
5656,0
5130,3
18744,4
2887,1
8414,4
1356,4
10330,1
2677,2
6377,4
16027,1
11748,0
17339,0
4574,0
2105,4
12255,1
8428,4
9736,1
66,4
16812,2
2924,1
9871,4
7684,3
761,1
1593,1
18181,3
3390,3
5939,0
18195,3
1587,4
9865,2
7690,3
775,4
16806,1
12490,3
10287,4
11199,3
15499,4
14793,4
5905,2
16184,1
12484,0
13942,4
9681,0
6559,2
17517,0
11600,3
7121,1
15466,4
12309,2
14778,2
9118,4
18156,3
5722,4
11172,0
18630,2
14022,1
9130,2
10522,1
2065,4
4414,1
2071,0
11628,0
7109,0
15328,3
4366,1
3409,0
2717,1
5078,3
1791,3
3838,4
19937,4
19089,4
3192,0
1975,3
14585,4
239,3
3804,3
9497,2
8945,1
6968,4
10091,4
16386,4
15664,0
8010,4
7323,3
5252,0
8776,3
13573,4
7451,1
12679,0
6997,1
18432,2
5246,0
16379,0
11416,4
18354,1
1746,2
15670,4
2267,0
10720,4
5508,0
6001,3
9332,4
12651,0
17729,2
11358,3
16423,4
4164,0
12645,2
8986,2
9326,0
12123,2
19076,4
2273,3
9441,3
589,2
10053,4
8039,1
15881,2
9333,4
6000,3
5509,3
10721,1
19063,2
4171,4
19705,2
10047,4
2500,2
12678,2
7450,1
15117,1
17066,2
18355,3
10709,0
3150,0
5535,1
7322,4
15665,4
1753,2
1035,3
6982,2
7444,2
19739,2
17714,2
18427,1
10090,0
6969,4
8944,3
15856,2
4818,1
1974,0
17933,3
8978,0
5284,2
10912,0
4824,3
210,3
2299,3
19922,2
12877,0
6216,2
9125,3
1579,2
12320,1
16146,0
4401,2
2070,3
17258,4
3408,4
953,3
947,2
12452,2
18619,3
19507,0
4415,3
14745,4
19249,4
5723,2
18157,2
9119,1
1545,2
7652,0
1223,0
18631,3
18625,1
3420,4
15301,3
14779,0
1551,3
17270,3
5904,1
14792,0
7875,1
990,1
12485,2
18816,1
10292,1
11198,0
2919,4
9694,1
13957,2
984,1
18194,4
7691,4
14962,3
14625,1
2104,4
19301,3
4213,0
19467,0
67,2
6404,4
14143,3
827,4
8429,2
73,2
13638,2
3568,2
5119,3
2110,1
11749,0
16026,3
1419,4
9,0
15507,0
12268,2
13610,4
7726,4
5131,2
17476,0
5125,0
8367,2
1425,4
9079,2
18037,1
11775,2
3232,0
5870,0
17489,2
18962,0
13823,3
628,2
16973,1
1380,0
3597,4
5680,2
6389,3
7097,2
14816,2
9535,2
17648,2
17890,1
10641,2
9253,0
6160,3
13348,4
16224,0
2312,2
17884,0
4005,0
16542,3
12724,0
9521,2
18547,2
19659,2
8617,4
15063,0
13374,2
11563,0
3030,1
10669,0
17106,0
5441,4
18235,4
13360,2
7256,3
7530,0
13406,3
17660,3
18553,3
2448,1
1814,2
4978,3
10696,2
14396,0
17847,3
16581,4
3971,3
12917,1
6821,1
3959,2
364,2
370,4
3795,4
416,4
10829,0
16280,1
15789,1
3916,4
11289,3
14483,0
1683,0
3094,0
18291,1
7594,0
6852,0
471,0
7580,3
465,2
12970,4
3080,2
15979,1
6113,3
2375,0
19170,3
4704,1
8880,2
6675,4
8658,0
12743,4
8894,2
13449,0
14326,3
6661,3
3719,3
2361,0
19164,4
17161,3
3057,4
12019,4
7231,2
1898,0
13307,3
13461,2
15010,4
3731,4
11276,0
18534,3
5354,4
13475,2
15004,1
6885,4
8116,1
18246,4
19158,0
18911,3
9787,3
897,4
5803,2
17388,2
5817,1
7966,1
883,3
2188,0
1481,0
14865,2
2822,2
16914,3
12541,3
14,2
17439,1
3269,1
19372,3
5618,0
2177,4
9022,1
15548,3
6305,4
14642,1
18078,4
10424,1
10342,0
13893,2
14124,4
5142,1
868,0
7755,2
9778,0
28,2
13663,3
13105,0
10418,0
13111,3
8314,2
15560,3
7027,3
14118,3
5156,2
11060,3
16848,2
18865,1
15399,1
14087,4
12390,2
11855,0
9181,3
12384,3
18859,4
14905,2
7190,1
16860,3
3490,1
1287,1
14044,0
9630,3
12435,0
16653,2
19560,1
2765,3
10544,3
18118,2
11882,4
4472,2
19206,0
14736,1
13059,2
11896,1
5778,3
3309,4
1278,1
14050,0
11100,0
18642,1
2759,0
14078,1
8512,2
8274,3
10578,1
5750,4
17217,0
5744,2
15414,2
7153,3
1522,2
13703,4
9618,0
15372,2
7635,0
3453,2
19548,2
17565,2
15825,1
9397,4
10791,3
7386,3
10961,0
3686,4
17968,0
2598,0
511,1
1085,0
10975,4
1708,0
4670,4
10746,4
2201,4
5208,1
15158,0
12623,1
9426,2
14252,0
17983,1
4664,1
288,3
14534,4
6073,2
11464,2
19038,1
8076,2
7423,0
1052,2
17773,3
5234,2
3889,4
6729,0
13267,2
11470,3
18332,4
6728,2
15171,1
7436,4
11317,3
10009,2
4881,0
4659,2
7350,4
1721,1
15603,2
8077,3
5553,0
17014,3
19039,2
19987,1
15165,0
8711,0
17982,2
4103,1
18469,3
2572,4
12622,4
14535,0
10753,0
4665,3
10747,1
19005,4
6066,1
17996,2
4117,3
2566,4
19950,2
12805,3
7393,2
10960,2
6099,3
6927,3
1090,0
19944,1
10948,3
15830,4
12187,3
1906,0
9396,1
15824,1
8936,3
13064,2
17564,0
18657,4
3452,3
8507,0
909,2
7620,4
2758,0
3446,0
3320,4
5989,3
5751,4
19213,2
16120,2
2016,1
13058,1
9143,4
12420,3
6516,1
4301,1
19561,0
16652,3
921,2
14045,2
2002,3
5786,1
7185,2
9180,0
10592,1
14092,3
7813,2
14086,0
13931,1
18864,3
16849,2
10586,4
11698,2
5976,3
9194,2
7026,3
15561,3
8315,1
1457,3
5631,0
3526,2
17410,0
7998,4
14119,3
12568,3
13662,3
15213,4
17404,3
18737,3
3254,2
1443,3
2162,3
8329,2
14643,0
6304,1
9751,3
6462,1
841,2
13892,4
16732,3
10343,4
2604,0
19415,0
14131,4
9745,1
6310,0
13138,1
2176,0
16040,1
3283,4
18086,0
1494,1
5194,1
18938,1
2823,0
5180,1
16901,3
13879,1
6489,2
2189,2
18092,4
14858,2
16097,3
11920,3
10380,1
18904,1
12597,1
13689,0
7967,1
896,3
13845,0
9786,4
11934,0
128,4
1133,2
13474,1
3042,0
19159,1
9209,4
8117,0
7224,4
14469,3
1899,4
4739,1
18253,1
5427,4
17606,3
16518,4
2406,2
19603,2
3718,1
9553,3
14327,2
13448,1
14441,1
7218,2
12030,4
4711,4
16242,0
19171,0
2374,3
8659,4
9547,0
18509,1
19617,3
4088,1
15978,1
4936,0
3081,4
18290,4
316,2
1682,3
10182,4
3903,0
15944,1
14482,0
15788,4
1866,3
16281,2
11288,3
3917,2
12959,0
16297,3
4908,3
9586,1
17823,4
12973,4
6851,1
472,4
1858,4
3097,3
2389,4
18292,2
2362,0
8129,0
15985,2
499,4
8897,1
2404,0
16526,4
10157,1
8883,0
14331,0
6110,1
9223,1
13338,4
10631,0
5419,3
19173,0
8115,0
15761,1
4049,3
2438,1
8673,3
6886,3
15013,2
17604,2
18251,0
3054,4
9790,0
658,3
7965,4
12595,2
18906,4
15588,2
2809,4
11088,4
10396,3
7959,2
1496,0
102,3
18084,1
3281,2
18090,0
3295,2
14872,0
2835,0
4277,4
16730,0
3518,2
14641,2
7018,2
14899,4
10427,2
19371,3
2174,2
14655,1
12224,2
12542,2
14133,1
19417,3
16724,1
7742,4
1333,0
18721,3
11705,1
18047,0
9009,2
14669,4
3256,0
18053,2
3530,4
11077,4
7756,0
13660,3
14090,1
18872,2
11856,0
9182,3
12387,2
13933,0
9828,2
738,4
19588,1
14912,2
7193,2
5784,3
6299,4
2799,3
3487,3
19577,4
4303,3
2772,4
937,0
8539,4
12344,0
9141,1
4465,2
4471,2
14721,1
3478,3
5009,2
16888,4
6528,4
15371,4
2028,2
5747,3
3336,2
15417,4
13066,1
15403,0
9169,4
5753,4
19239,3
3444,4
11103,4
5035,2
13714,0
248,4
17943,4
4868,1
10786,4
11498,3
5586,2
4840,0
10976,4
274,4
12807,0
1086,4
19952,2
3685,1
19946,0
12813,2
8908,4
7385,2
4854,1
3108,1
10989,3
14537,1
6716,3
9425,2
1079,2
2570,2
17758,3
2564,0
9431,4
12152,0
16334,1
18319,0
2202,1
11473,1
3134,0
18457,3
15173,0
1045,3
15167,1
5237,0
17770,2
4129,4
11301,2
3120,1
16308,3
4897,3
1737,4
13270,2
4128,1
17771,0
18442,1
19984,0
1050,3
15166,4
8712,3
18324,2
18330,2
13265,4
1722,0
7435,0
11314,1
5222,4
19990,3
14244,0
12635,2
17995,0
16453,0
2565,1
18318,4
19006,1
8048,3
9356,4
14522,4
6065,0
12147,1
15628,4
5578,4
10988,1
11328,3
17981,4
16447,1
10036,4
14250,3
1093,0
18481,3
5593,4
261,2
275,1
7390,0
4841,4
3690,2
1087,0
513,3
3860,4
14287,3
15827,4
9381,4
249,3
1905,4
14293,1
11664,1
5752,2
8276,2
7623,4
1252,0
2983,2
18898,4
17567,4
16679,1
3451,2
8504,0
15370,1
1520,0
14708,2
15416,3
7151,4
18132,4
17201,1
1508,4
9154,2
7179,3
12351,0
11658,2
4470,2
11880,1
5008,0
12437,1
6501,3
13729,0
936,3
8538,1
9626,0
16645,3
4302,4
16123,0
11894,1
14734,3
12345,4
2798,2
1291,2
1285,3
14913,3
11843,2
10585,1
5975,0
9197,3
14085,2
16686,1
14091,2
13926,1
12386,2
13098,1
11857,0
18052,3
4538,1
11710,4
15576,4
7031,3
14668,0
13107,4
7757,4
3531,3
10368,1
18720,0
1332,2
8470,3
15562,2
13113,4
11704,1
3243,0
12225,3
6313,3
14654,4
2175,2
10432,2
16043,3
10354,1
13885,0
8458,3
9752,1
12557,4
5168,4
10426,2
14898,3
117,0
5183,2
7958,4
5197,1
16916,1
4289,1
18085,4
103,0
14867,3
16080,1
5801,0
14697,4
15589,1
12580,2
2808,1
18907,2
12594,0
16094,3
5342,4
8100,1
17177,1
5430,4
15760,0
12769,3
7541,3
17611,4
5356,1
18522,0
12999,4
8882,3
2411,4
16527,4
5418,2
14456,3
6111,3
8128,0
4712,0
19600,3
16533,2
9550,1
14324,2
6663,0
473,3
6850,3
4921,1
3096,3
10817,1
301,1
4935,0
19827,4
12972,2
10195,0
9587,0
8699,1
1865,3
329,4
15953,2
16296,2
15947,0
9593,3
8855,1
13488,4
6878,0
17836,4
7586,3
6698,1
3086,3
4931,1
2398,4
1691,1
1685,0
3092,4
10813,0
4925,4
5385,1
7592,0
12962,4
10185,3
3904,0
339,3
15943,3
14485,4
17198,0
15957,4
1861,4
9583,2
3910,4
17826,1
19638,0
11264,0
3723,2
5352,4
17615,4
8676,2
16279,0
7237,1
1646,2
6129,0
6897,1
11270,3
6667,1
8892,3
1108,4
19604,0
5408,4
10620,0
19162,4
8138,2
9226,2
10634,4
16245,2
16523,1
10152,4
14334,3
488,3
14863,2
7948,1
2830,3
18095,2
5839,0
11927,2
7960,1
12590,2
11099,4
2818,4
9781,1
891,2
13842,1
4528,0
3247,4
17371,3
13117,2
8312,1
13671,4
1336,2
6459,1
17417,4
13103,3
19348,0
11714,1
5622,2
18056,1
4514,3
18718,2
2603,1
4272,2
19406,4
16735,4
13895,1
852,1
13881,2
13659,2
9742,1
14136,4
5178,0
4266,4
4500,1
16047,3
11728,2
14650,3
14888,0
2950,1
9805,1
16872,2
18687,1
11853,1
10595,2
9839,3
18877,0
17588,4
16696,4
18863,2
13088,3
8266,0
1524,3
9178,0
15374,3
2987,1
3441,1
17577,2
18644,3
8514,4
15406,1
13077,1
17211,4
12341,0
6277,2
16127,3
2777,4
16899,4
5018,0
9622,0
14056,2
12427,4
14042,3
926,0
8528,2
19566,4
16655,0
10542,0
14724,1
19957,4
5583,3
4851,2
5597,2
3858,4
6920,1
17946,1
3870,4
14297,3
15837,0
12194,3
19994,3
4138,3
15176,3
12619,0
11462,0
4892,0
8070,3
7343,1
8716,1
1054,4
13513,4
18446,0
17775,1
12625,1
6713,2
14254,1
2575,3
10032,3
19770,3
4104,0
4662,4
10754,1
6075,0
9346,3
16331,0
3119,4
10026,0
11338,0
12631,4
14240,3
9434,3
5569,2
10741,3
19003,2
4677,2
16330,2
9353,1
14527,2
9435,0
1069,2
10027,1
17984,0
8059,4
4663,4
11463,0
5233,3
13512,0
15163,4
13506,0
7430,0
8703,3
11311,0
19995,0
18335,1
10769,0
4887,1
11477,2
8065,2
258,2
9390,4
1914,3
8924,3
3871,3
16481,3
17947,1
4878,3
1900,0
12181,2
502,1
1096,2
6935,1
270,4
4844,1
16654,3
12354,0
4475,1
11885,2
16126,2
11649,0
2010,3
10557,1
14731,0
1519,3
7168,4
13738,0
14057,2
2776,3
11107,1
16668,2
4449,1
11661,3
15407,2
8267,0
19229,4
3332,4
17562,4
11113,0
3454,2
7632,2
2979,1
5970,4
9192,3
13089,4
8298,4
9186,1
10594,3
11852,4
728,0
13923,4
19598,3
16873,1
7183,0
7197,2
1280,1
16867,0
4267,3
2616,4
13,4
14137,0
15229,1
1479,1
9025,3
16046,2
19375,1
10423,3
12234,4
12552,2
8449,4
4273,3
2602,2
11073,0
18057,3
17364,0
3252,0
13102,2
15567,3
8313,2
13116,4
5637,3
17370,0
3520,0
17416,4
1337,2
13670,3
13843,4
9780,2
648,2
18916,2
14692,1
10386,1
18902,4
2831,2
7791,4
7949,3
1486,4
5838,3
3285,0
5192,1
2825,3
4703,3
10635,2
2372,1
9227,1
15995,1
8139,1
12744,0
4065,2
10147,1
11259,3
19605,2
7578,1
12750,2
1109,1
12988,2
13328,4
4717,3
1647,0
3050,3
11517,3
10609,4
18533,0
11271,0
4059,0
15017,0
6896,0
13466,4
13472,0
18241,4
8111,1
14490,4
17199,1
17827,3
8844,4
8850,4
9596,4
12793,0
15942,4
10812,1
310,0
12963,1
6855,1
19822,1
12977,0
6699,0
7587,1
18282,1
5386,0
6857,4
7591,2
312,1
4926,1
10804,0
18280,4
306,1
7585,1
10192,4
19808,0
16285,2
14486,0
16291,2
11298,2
9594,1
15015,3
8661,0
3734,2
17602,3
5345,2
19149,1
15773,1
12008,0
17170,2
18243,1
11501,2
11267,0
10179,3
17616,2
6658,0
13470,1
6880,2
7546,2
15001,2
4067,1
16520,4
10151,2
2416,0
5379,1
13458,0
12746,2
15997,4
10637,3
2370,0
11529,4
10623,0
4715,1
14445,2
6102,4
9557,1
8891,4
19388,4
110,4
676,0
9966,3
16905,2
16911,1
6499,4
7787,0
2199,3
3287,2
18914,2
16939,4
7977,4
12587,0
9796,3
886,0
8488,1
16093,4
5812,0
14684,3
1447,4
8305,0
7036,4
3250,1
5621,2
3536,1
4259,3
15217,2
12578,4
1321,4
13666,1
5153,0
11703,0
3244,3
18041,2
13114,3
7022,2
16044,4
10435,3
14653,4
13882,2
9999,2
689,1
9741,3
2614,3
10353,2
2600,1
11059,4
7778,2
845,4
1309,4
9033,3
16050,1
2166,3
5609,1
4488,3
5796,3
7181,3
14900,1
13909,3
16871,4
3481,0
16865,1
3495,3
1282,3
12395,0
10582,4
16695,3
14082,3
7803,0
7817,0
16681,4
10596,0
19559,0
2984,3
1255,4
8517,3
14069,4
1241,4
13706,1
4339,4
3456,2
5027,1
18135,3
10569,4
5999,4
11677,0
13060,4
11887,0
5769,2
2006,4
16130,4
6260,2
9153,3
925,0
16656,2
11139,3
17548,4
4305,2
2774,2
12424,4
8259,4
6274,2
14733,0
10555,4
19217,2
266,3
4846,2
5580,3
15808,0
514,3
1080,4
8932,2
12197,2
15820,0
8926,0
14294,3
6738,0
17776,0
5231,1
10019,4
3640,3
11461,4
14519,3
1731,2
12168,3
8073,2
15607,3
7354,1
17004,3
13504,3
1043,2
17992,2
16454,1
12632,1
14243,2
6062,3
299,3
19001,4
11449,2
10757,1
2210,0
9345,2
13538,0
6710,1
3668,1
4107,2
7369,1
11448,4
16441,4
19772,4
13539,4
12627,1
8728,2
16455,1
4112,3
2563,4
18478,1
2205,0
17005,4
13263,3
15174,4
19996,4
18450,2
11306,3
10018,4
19982,4
5230,4
3899,2
13511,0
15160,3
7427,2
12169,1
14518,4
18322,1
11460,1
1903,3
529,1
17950,2
14281,2
1917,0
6088,1
10971,2
5581,0
19955,2
2588,2
17978,4
18487,2
10965,4
4853,2
930,4
9620,2
4304,3
4462,3
16125,2
10554,0
12343,3
9152,0
15438,0
19202,1
16131,1
11138,3
19564,1
4310,2
16657,4
12431,1
17561,0
5026,2
11110,1
2991,3
15376,0
6249,0
13061,4
1526,4
7157,2
5998,0
10568,3
17207,3
17213,4
18120,2
15404,3
16858,1
13920,2
5973,3
13934,4
717,1
2952,1
16864,0
7194,0
11879,0
3480,0
18685,2
703,0
1308,4
12551,4
17429,1
5608,4
10420,0
2167,1
3279,2
14646,4
4264,1
16723,3
9740,3
688,0
12545,2
19438,2
38,1
8476,0
878,4
8310,4
17367,1
18054,2
3251,3
12579,3
8462,1
15216,0
17401,3
10385,2
18901,3
12592,3
139,4
14685,4
16092,2
5807,1
11931,4
9783,3
13698,1
5191,0
2826,4
11919,0
2198,1
1485,1
3292,4
2832,3
12035,3
16253,0
19160,2
4714,1
10622,4
19606,3
6665,4
13459,3
6671,2
14336,0
5378,3
10150,2
16521,1
4066,0
2371,1
6117,3
9224,1
15996,4
1678,1
12021,3
3047,0
1650,4
13317,1
1888,1
15766,1
8112,1
1136,2
10178,2
11266,3
3721,3
17603,1
11272,2
8660,1
8106,1
15772,2
7235,4
18256,4
16290,1
15799,1
15941,0
10193,2
19809,2
449,1
14493,2
19821,3
475,0
12960,1
4099,4
313,2
10808,3
19192,2
3089,3
17801,2
7589,2
8862,4
478,3
6683,4
3923,4
4094,0
2383,3
6873,4
19810,1
19804,0
17829,1
11280,1
444,3
12951,4
322,1
17197,3
1885,3
6132,4
8679,0
19637,3
16504,0
19623,1
2426,2
13468,0
6640,1
15019,1
6898,1
12010,0
2340,0
17168,0
19145,3
13326,2
2368,0
3710,0
5361,3
10149,3
7576,4
13454,0
487,4
8889,4
12992,2
8651,0
17632,3
5413,4
19179,0
11525,4
8137,3
13332,2
13865,4
4282,2
11914,1
108,0
16921,3
13859,2
134,4
120,4
8490,2
18918,1
16935,2
10377,4
16706,2
11069,4
12560,3
6456,0
9765,3
13118,0
10411,0
4533,0
18059,0
2142,0
10405,0
861,1
21,1
9771,3
10363,2
19421,4
4255,3
9981,4
849,0
15233,2
7774,4
9759,4
691,2
13642,3
19409,2
11055,3
3512,2
18071,0
8321,4
1477,2
15541,0
11727,3
3260,2
16048,0
2618,2
17430,4
3506,0
9995,2
8453,1
14139,1
685,1
3499,4
14918,0
5942,2
11874,2
2793,2
18850,3
19596,1
13905,0
7833,4
17593,2
726,0
8296,2
8282,3
15390,3
9822,4
732,3
16699,4
18887,3
16672,2
901,3
16114,3
19227,4
5995,1
16100,3
19233,0
5981,4
15409,4
6250,2
7628,2
4321,2
14059,1
8533,1
11121,2
3466,1
4309,1
5017,3
16896,1
16128,2
11647,1
15421,2
8241,4
5765,0
3314,0
13722,2
6085,4
17975,2
3843,1
8916,3
518,1
2591,4
10968,2
15810,2
4876,1
11486,3
10940,3
15192,1
8080,0
13285,2
256,2
4862,1
11479,2
19025,1
4889,4
2220,3
1729,0
14501,2
14267,2
2546,2
5229,0
3880,2
3658,4
2552,0
19757,0
8719,0
14273,1
9407,0
6734,4
9361,4
12164,0
16302,2
1715,2
3102,3
5573,4
18307,4
17752,2
5215,3
3664,4
15145,4
1073,4
8725,2
15151,2
6708,0
17746,0
5201,4
16458,4
3670,2
11337,4
4679,4
10997,0
7370,2
10028,0
12159,3
14528,1
2209,1
18312,4
4678,0
3117,4
19018,3
11444,1
15622,1
280,2
13253,4
1072,2
7403,1
11322,1
17753,0
8718,4
16465,1
3895,0
18448,4
10014,2
2235,3
10772,4
16303,3
19030,1
6053,1
12171,0
7359,2
4888,3
17009,3
16317,4
4650,4
19024,3
4136,4
19742,0
2547,4
9412,3
4863,4
15839,1
10941,4
4877,0
10799,4
15187,2
6906,3
525,2
17960,2
1099,2
8903,2
12818,2
10969,3
5599,2
4693,4
2584,0
17974,4
11652,2
17223,4
5764,2
18110,0
1502,3
1264,2
16897,2
17551,0
18662,3
5016,3
3467,0
11120,1
7601,4
8532,2
13051,4
8254,0
15420,4
10570,1
4320,4
2989,1
7629,1
14070,0
6523,0
4334,1
16673,2
5994,4
4452,2
9176,3
12398,4
11849,2
11691,0
2976,1
16698,4
16840,0
17586,2
733,2
9823,0
13938,0
15391,2
727,4
15385,1
13092,4
9189,4
7832,2
18851,3
18689,4
19583,2
18845,2
7826,3
7198,3
10438,3
18064,4
5610,0
16049,3
11726,1
7007,2
6319,0
9994,0
11040,1
18702,2
2619,4
11054,4
1304,3
9758,1
15232,2
13125,3
17343,3
10404,0
18058,4
4254,4
16713,4
10362,1
9770,4
6443,3
7991,0
34,2
874,4
11068,4
4240,2
17419,2
2157,3
12207,4
15568,1
9002,2
14676,2
17394,4
13694,0
647,2
13858,0
2816,3
5837,4
1489,0
6480,4
7952,2
3705,3
15024,1
7563,0
486,3
1674,4
13333,1
15742,3
7205,4
17155,4
5406,3
1660,3
14448,3
15756,3
8122,4
13441,3
16511,4
11518,3
4730,4
6127,2
14460,2
9214,4
7239,2
1884,2
16263,3
19150,4
18528,1
16505,4
19636,0
4042,1
8678,3
12950,2
11295,2
451,3
19839,1
3922,1
479,4
1853,3
2382,0
19187,2
2396,2
3088,0
3936,4
19185,1
2380,3
4929,0
1689,1
6858,4
6680,2
3920,3
17816,3
4097,0
4083,4
6694,0
1845,2
19191,0
17194,4
8691,3
6864,4
6870,3
12946,4
4901,2
17180,3
15797,1
1879,3
9216,0
14462,3
2343,3
18258,2
19146,1
19620,0
10162,0
12775,0
4040,1
2357,0
10610,2
5438,2
19152,0
12007,3
1886,3
15768,3
6131,2
14476,1
8134,1
7207,0
13331,2
12991,4
15026,1
3707,4
11254,3
19608,0
17625,2
15754,1
5404,3
18927,4
19393,3
4281,0
645,3
12588,3
8493,0
2800,0
16936,1
15581,0
123,4
15595,3
137,2
17382,4
2814,1
9799,1
651,2
8487,1
22,4
13669,4
10360,1
16711,1
3539,1
4530,3
17369,2
10406,3
7039,4
14674,1
4524,3
10412,2
2155,0
12563,3
876,0
9766,3
36,2
13133,2
1474,2
9028,4
15542,1
14884,4
11724,2
5612,2
18066,0
4518,0
18072,4
1460,0
8444,3
13641,2
17427,3
2790,4
1299,1
6290,1
4493,4
18847,0
17584,2
8281,4
13090,2
8295,1
5969,4
2960,1
7818,4
4322,0
19556,0
18648,0
2035,3
9160,4
12371,2
5996,1
2747,0
902,2
12417,3
16659,4
18674,3
5000,4
1266,3
15436,1
11888,2
18112,0
3317,2
8256,0
9148,0
13053,1
13735,4
3465,0
11122,2
17553,3
5014,3
16895,2
2592,4
18489,3
7398,2
4691,3
8083,3
1919,1
16498,2
19973,0
17786,4
3868,4
6910,2
6904,4
11485,0
241,1
9389,3
12167,3
2237,4
10770,2
2551,0
10016,1
3897,0
11308,4
7429,2
6737,4
9404,2
9410,1
14264,1
3883,3
16473,4
16315,0
10764,1
6045,0
9376,1
11452,3
7415,1
1064,1
13523,1
5202,1
19768,2
2579,1
5216,0
4108,1
7401,3
1716,4
13251,0
11446,3
18304,3
15147,0
17988,2
3666,2
2578,4
10981,1
15621,2
6078,1
13250,1
17022,2
5565,2
11453,1
5203,0
1065,0
19741,4
19999,4
8069,2
9377,3
10765,4
2222,1
9363,4
6050,0
12600,4
4121,2
16466,4
17778,1
6905,2
8928,4
11484,0
11490,2
8082,0
1918,0
12827,3
19972,0
16499,3
6939,0
3841,3
17977,4
4848,2
1924,2
1515,0
8257,3
15423,3
19219,1
5773,3
17234,2
18661,1
17552,3
11123,2
15345,2
7602,4
1273,3
5001,0
16658,4
3316,3
5767,3
18113,1
1501,2
7170,0
11679,0
19225,2
14701,0
9175,0
7158,2
12370,3
14067,0
13708,3
10215,2
4323,0
9607,0
12364,4
2034,2
10573,1
10598,4
7819,2
15386,2
16857,1
17591,4
2975,1
16843,1
730,4
14932,3
11692,0
11862,2
5954,1
2785,4
7825,0
7831,0
1298,0
19594,1
5798,0
11876,1
15557,3
8323,4
7010,4
14649,3
1461,4
2168,4
5607,3
4519,3
3276,4
11057,1
5161,3
1307,3
9983,4
9997,4
18701,1
5613,4
8337,3
7004,2
2154,2
16062,0
12204,4
6332,3
7992,2
37,1
8479,0
16704,0
4243,2
19423,2
5149,3
6440,0
9773,3
863,0
12576,1
12210,2
6326,2
10407,4
17368,1
19345,4
15594,1
13683,0
9954,4
12589,4
13697,0
122,1
15580,2
16089,2
17397,1
19392,3
2197,4
6483,1
11902,2
18098,1
13442,2
11255,1
11533,2
5405,4
15999,3
1677,0
6118,4
17156,0
18265,4
10639,2
17630,1
4069,1
3706,0
11241,1
7560,0
12990,0
13456,0
10177,0
7548,0
14311,0
6656,4
1139,1
14477,2
12006,0
5439,0
10611,3
2356,1
4733,4
19147,4
18259,2
6124,2
12012,2
14305,1
9571,3
10163,3
2424,4
452,4
15796,0
334,1
4900,2
15782,3
13495,2
446,2
4082,0
3935,1
19190,3
1844,0
4928,2
2381,0
19184,4
5388,1
3921,2
3919,4
8694,1
324,4
10826,1
4904,0
15792,2
6875,0
19816,1
17813,0
2385,4
15962,3
318,2
1854,0
1840,1
4086,2
17634,1
18261,3
17152,0
3064,1
15745,2
8131,2
7202,0
13334,2
15751,0
13320,3
6108,3
5401,1
10629,3
3070,3
4079,4
3716,0
12980,0
495,2
8643,4
4051,3
17608,0
6646,0
9575,3
13308,4
9213,3
14467,0
4737,1
14315,1
19631,2
17393,2
126,1
13693,4
640,2
898,4
9950,2
11084,2
8482,4
17387,0
19382,4
2193,2
18088,1
5824,1
13136,0
1471,1
14881,3
7000,3
7766,0
8455,2
1317,3
6478,0
15235,1
9987,1
1303,4
697,4
18711,2
5603,3
19341,0
4535,2
14665,3
6322,4
9777,1
27,2
18739,4
2622,3
16714,1
5159,4
10371,2
4247,2
12566,0
7996,3
14671,0
4521,0
5978,4
13081,2
7809,4
17581,4
2971,4
17595,4
13095,3
11682,1
19590,4
7821,0
5763,2
3312,0
11655,1
3474,4
5005,2
7612,1
15355,4
1277,1
7606,4
3460,4
10239,2
11899,0
3306,0
4469,1
15427,0
8253,2
17218,1
10577,2
2030,1
5987,4
11669,4
4441,4
19235,3
1539,2
14711,2
6256,2
14077,1
6530,0
13718,1
913,1
18895,3
10211,0
2756,3
16674,3
18881,1
8509,4
4455,0
17783,3
8938,0
250,0
13283,3
11494,1
4870,1
11480,3
12189,4
8092,2
1908,4
16489,1
17797,0
3879,3
8904,2
3689,0
3851,4
4858,2
7389,0
1920,1
15816,4
1934,3
6083,2
4694,1
8910,2
7410,0
12638,0
18473,0
10991,0
11457,4
5561,1
17026,4
293,2
287,3
1713,4
7362,4
5575,3
18301,0
11325,2
15143,2
12604,4
6054,2
9367,4
18329,0
19023,0
4657,0
3138,1
10761,1
14507,1
12176,3
7438,0
15618,0
10760,2
2227,2
4656,0
19022,0
4130,2
19744,4
14260,2
7439,3
12605,2
10012,4
18328,1
4642,1
14512,1
3105,3
11442,2
10984,1
7363,4
13533,1
15142,3
17755,3
18466,3
5212,0
3677,1
17741,2
5206,3
15630,4
18314,2
10748,1
11456,3
18499,4
3844,0
2596,1
3688,2
8905,0
6096,3
4859,0
8093,3
1909,1
19963,4
16488,0
15181,0
6914,1
15195,2
537,4
8939,2
19977,2
4865,0
13282,4
251,2
8087,4
6525,4
4332,4
19546,4
14704,3
9164,0
12361,0
11668,1
2031,1
17219,1
10210,1
3449,4
12407,0
13719,4
9602,2
14076,3
5010,2
17557,0
3461,0
7607,4
1276,0
13731,3
4468,2
3307,2
2019,0
18102,1
5776,0
9158,4
13043,3
15354,0
16885,3
2958,3
19585,3
13916,2
11867,2
11873,2
5945,4
709,2
13902,3
9819,1
721,3
9831,3
11683,3
8291,0
13094,2
14937,1
2970,0
16846,2
32,1
9762,1
7997,3
15208,3
19432,1
10416,2
16067,4
7029,0
1458,1
6337,3
9004,4
14670,0
16073,1
2623,3
10364,4
26,4
14102,0
866,3
11052,4
15552,4
14894,1
18076,4
3273,4
2179,1
11720,2
3267,4
7001,2
12229,4
13137,4
682,2
9992,0
15220,0
7767,2
11046,2
3501,1
17437,4
4285,4
18937,1
669,0
19397,0
2192,4
5831,3
11907,1
13876,3
2838,0
18923,3
12598,1
13686,4
16926,3
11091,0
16098,4
17386,2
15591,4
15585,0
17392,2
2804,4
641,2
14472,4
6135,0
12003,0
4722,1
18248,2
10172,4
19630,1
12771,3
10166,3
11278,3
19142,0
16271,3
5428,1
14466,4
13309,1
12017,0
10628,2
17147,1
18274,2
13321,0
1666,3
8124,3
1100,4
494,4
14328,0
11250,2
19618,4
15022,3
12995,1
9548,1
1672,2
8130,2
4939,4
1841,0
3930,4
17812,1
19181,0
13484,2
6860,0
11287,2
19803,0
15787,3
13486,1
16298,0
10831,2
4907,2
15949,1
15791,0
15785,2
17192,4
11285,0
12954,2
13492,0
441,0
3932,0
8867,3
2392,3
8873,1
3715,4
12983,2
8898,2
7573,3
7215,1
1664,2
17145,4
1670,0
1116,3
11246,3
17637,2
12767,0
6889,3
10170,1
2437,0
17179,2
14470,2
9204,3
6137,3
14464,4
10602,4
16273,4
18538,0
12773,3
15593,0
18909,1
16924,0
657,0
9947,2
643,1
13690,1
11087,2
17390,0
14841,0
14699,2
2190,2
18935,4
18921,0
2184,4
18074,3
5600,1
17347,1
6309,3
1466,4
7771,3
9984,3
12559,4
1300,3
7765,3
9748,3
13135,4
14882,0
15544,2
18060,4
14672,0
9006,2
4522,3
18048,4
10372,2
4244,2
864,4
1328,0
2621,1
11078,0
4536,2
6321,1
9012,2
15578,4
14921,2
17596,0
2966,0
9833,1
9827,2
17582,1
8287,3
14935,2
4495,1
2796,3
19593,2
18855,3
7836,4
6296,1
5947,0
11642,1
9628,3
1274,4
13733,4
7605,0
11130,2
2769,2
17541,4
14048,3
13727,4
7611,4
7177,4
1506,0
17227,0
15418,3
6241,4
9172,4
5990,2
16677,4
2999,2
4330,4
10206,2
1248,2
6533,2
14074,2
12405,3
4324,0
2033,3
4442,2
12363,0
14712,4
12834,3
10951,3
17958,4
17780,1
14289,3
17970,2
3846,3
15801,1
1923,2
6094,2
509,0
17964,0
19791,2
16449,4
6719,2
13257,0
284,1
12149,2
7361,4
4668,2
3107,1
11440,2
2219,3
5576,4
18316,0
9358,1
7413,0
1062,0
18470,2
11332,2
8708,4
14262,3
6725,4
19746,3
16475,0
9370,2
6057,4
1738,4
12161,3
4640,3
4898,2
2231,0
3649,1
12607,2
17018,1
16306,3
6056,2
14511,1
13518,2
4127,3
3890,4
5239,0
4133,2
18459,2
9417,3
10763,4
16312,4
1705,2
13242,4
9359,4
11333,1
3674,2
18471,1
15155,2
8721,0
7412,0
13530,0
8735,4
17756,3
17030,1
2218,1
11441,0
15814,1
2595,0
2581,0
19784,2
17971,0
6081,0
1936,1
10950,3
252,3
8084,4
17959,3
4872,4
19551,1
911,4
9167,2
14713,4
6254,3
12362,4
19237,2
4443,2
5985,0
10575,1
5991,0
2026,2
14707,3
9173,4
13068,1
12376,2
15419,0
1249,0
14061,0
9615,1
6526,1
18883,1
4331,2
16676,0
2998,3
8523,0
13726,4
1261,0
2768,0
3476,2
3310,1
18115,2
13040,2
1507,1
7176,3
8245,0
15425,2
18101,2
5775,0
11125,0
8537,0
18854,3
16879,0
2797,3
4480,4
5946,1
11864,4
7823,3
736,0
14920,0
4251,4
19425,4
16716,3
25,0
1329,4
12570,0
7758,2
12216,1
2146,0
19343,1
16070,1
18049,2
19357,0
12202,0
6452,2
31,3
12564,4
19431,1
19,1
13652,4
1315,1
859,2
17434,4
18707,2
7002,3
1473,0
7016,4
1467,0
17346,2
5601,4
10429,0
3270,3
17420,2
13646,1
695,1
1301,3
12558,0
9985,4
4292,0
11904,2
2191,1
16919,1
5198,1
13861,3
6491,2
7957,3
2807,1
13849,2
8494,3
11938,4
4735,1
19141,1
6122,3
8669,2
14303,3
18539,3
19627,4
16500,2
4047,2
14317,4
9205,1
2350,1
1671,0
13336,4
2378,4
17150,0
11247,1
3700,2
1117,1
6678,2
12996,3
1103,0
17622,1
19169,0
11535,3
1665,1
13322,2
8127,4
2387,0
17811,4
3927,0
6687,0
468,0
4084,2
2393,2
18288,4
4912,1
17193,3
10824,3
9588,1
6863,3
11290,0
13487,4
6877,2
4906,1
10830,3
16299,0
8801,0
19697,3
4785,1
15913,1
1825,1
15907,3
7298,0
1831,3
4791,3
4949,1
3968,1
16598,4
433,4
355,1
13386,4
9289,3
8197,1
12932,2
19654,4
10116,0
1158,0
12067,0
5458,3
16201,4
16215,0
19126,0
6145,1
9276,4
14364,2
4034,3
19640,4
3983,1
13423,2
3773,1
18576,4
17645,2
18210,0
15734,1
8140,3
17137,2
10880,3
16229,2
3001,2
3767,3
4008,4
1170,3
14358,0
7501,1
12729,4
18953,0
2690,4
619,3
19481,3
2684,0
11963,0
6384,2
14833,0
631,1
2874,2
16956,2
17490,2
7918,3
625,3
9935,1
15287,1
8395,3
10499,0
5882,4
4544,1
16003,2
14614,2
6353,2
816,3
14172,3
10314,1
18748,1
4222,1
16765,4
19442,1
16771,1
14166,4
42,1
6421,2
1428,4
9074,0
7059,4
5896,0
4550,2
19324,2
16017,4
2121,0
1400,3
14628,4
7071,4
8342,3
11750,2
2109,2
10328,0
5100,3
18774,2
15250,4
8424,4
7703,3
8430,1
13635,0
9048,3
15522,4
19287,0
2082,3
18199,4
9869,4
6582,4
6596,4
4381,1
5909,4
14947,3
8593,1
13796,3
745,1
2900,0
16822,2
751,2
17282,0
10506,3
13769,4
15318,0
19522,3
16611,2
2727,0
16605,1
10274,4
14012,0
6555,0
9100,0
14774,3
6233,1
10512,2
2055,3
16163,2
14984,2
7105,1
8236,0
9128,2
5712,2
19278,4
3363,0
11624,4
3405,4
17533,0
1212,3
13741,2
6569,0
15330,1
11156,2
18614,1
2069,4
14990,0
6958,1
17916,3
3820,4
5289,2
2280,2
19085,3
15867,4
1945,2
19091,2
4183,4
11383,0
13594,2
221,0
15697,0
235,3
14589,0
12846,2
553,3
8785,4
10089,3
3808,3
2525,0
10062,0
4154,4
1992,0
12113,4
16375,3
10704,0
4626,0
13219,3
1986,2
12661,1
16407,4
19734,0
12649,2
3161,4
16349,3
15898,1
13231,0
6019,2
8020,3
11432,4
18416,3
19708,0
7475,0
590,0
18371,1
5505,1
11433,2
8021,4
15655,3
1763,1
9459,1
3612,0
19709,0
17724,3
3606,4
18403,1
585,1
7460,4
15127,3
8753,3
15641,0
6018,1
13230,2
15669,3
6030,3
19053,0
3148,1
16406,3
17718,3
10077,0
2530,3
1039,2
12674,0
4155,1
10705,4
2242,2
14563,3
10936,2
17081,0
11396,1
8784,2
6965,4
546,1
8948,2
11382,3
10922,3
19090,4
208,3
6795,3
4182,1
5288,0
3821,2
4196,3
8974,4
4828,3
5061,0
17526,1
3410,0
7676,0
15457,1
7110,0
12338,1
11631,4
4419,3
19279,1
17254,2
1575,0
15325,3
8551,4
1213,1
5075,4
17532,2
11143,2
12462,0
977,3
7892,1
2732,4
10275,3
6232,3
14775,2
9115,0
12310,0
16176,2
17268,1
16610,0
4357,3
3438,3
6540,4
750,1
9840,1
2915,3
11194,2
15480,2
17297,1
16837,1
4380,2
11816,4
11802,4
19286,0
13973,2
17452,3
13634,2
8431,3
9049,3
18007,1
19319,0
11989,2
4579,3
7070,3
1401,2
13146,2
15251,0
11037,3
17446,3
10329,1
9713,4
803,0
15279,1
18985,0
5129,4
10301,1
5897,1
11779,4
7058,1
6352,0
9061,0
5883,4
5,3
6434,0
57,0
8419,0
12502,4
15286,3
17491,2
16957,0
5868,4
10498,3
13191,0
13185,3
17485,1
9920,3
13813,3
7925,1
80,2
6385,3
4592,4
6391,2
16228,4
17136,1
6178,4
7266,1
8633,0
1171,0
2478,2
17650,1
19669,4
3772,0
7514,4
397,1
7272,4
15735,0
17122,1
5465,0
19127,0
4753,4
19899,0
3982,2
19641,2
9511,4
14371,3
9505,3
6636,0
2450,3
19655,0
16566,1
16200,2
13378,4
15709,3
12066,0
8196,2
13393,3
11584,3
10842,3
6805,3
15084,2
432,1
6811,3
19872,1
354,4
7299,4
2487,2
2493,2
18588,1
368,3
15904,4
4792,1
1198,2
12919,3
3957,4
19694,0
424,4
12931,4
17849,4
10840,0
10698,0
15938,3
8194,2
17685,4
6813,1
12925,1
13408,2
14367,1
6620,2
3980,1
10101,3
2446,4
4989,1
19125,3
11579,2
12070,4
7258,4
14401,2
6146,0
6152,4
2334,4
19131,4
16202,4
16564,1
18549,2
3994,1
10115,1
9507,3
14373,0
11223,4
17652,4
18561,4
15045,1
8157,1
13352,2
3002,0
11545,0
3016,0
7270,0
14429,0
13420,2
6608,0
15051,2
11237,0
7099,4
2687,4
19496,4
18788,3
96,0
6393,1
5842,1
4584,3
14824,0
9088,4
15290,2
13839,3
11790,4
8382,4
14830,2
14603,4
12272,2
18039,2
10465,1
12514,0
801,2
9711,2
14171,0
2650,0
19455,1
5659,4
2136,4
9063,2
3200,2
1417,2
12528,1
1371,2
13636,1
2678,3
16996,4
4209,3
16982,0
9739,4
1365,0
7072,2
5665,1
18011,0
5922,0
11814,3
7853,4
6595,3
16809,2
4396,0
6581,3
2081,0
11828,0
17281,0
9842,2
8590,4
16835,1
2903,4
15469,3
13018,2
2056,4
10511,2
16160,0
4341,1
6556,1
14011,3
6542,1
12474,1
10505,2
14763,4
9117,1
17242,2
3374,0
13024,3
9659,4
15333,3
5063,3
17524,4
4369,2
1211,4
785,4
13756,4
14039,3
8553,2
15327,3
7660,1
9895,0
12448,3
15441,3
1577,4
18165,4
3360,1
3189,4
19092,0
2283,1
6783,3
8976,3
19938,4
12845,0
8786,3
15680,4
15858,4
17097,0
11380,4
19904,2
13597,2
6967,0
12689,1
4143,2
4625,1
10713,3
2254,2
14575,0
1985,3
14561,4
6026,1
7338,1
4631,2
2240,4
5249,2
4157,4
19723,0
15119,1
6740,1
17726,4
16438,4
8745,0
12886,2
7310,3
8023,4
3176,2
18367,4
13232,3
9329,0
7304,4
8751,1
5275,0
9328,3
1774,3
13233,3
18366,3
3163,0
8988,4
592,1
13541,0
3611,3
16439,0
10048,4
15656,3
14548,0
17069,4
19044,2
4630,0
12111,3
7339,3
1748,0
12677,0
4142,4
14212,1
1984,2
6033,2
9300,2
16363,4
19050,4
17096,1
15859,0
8793,2
12844,1
237,3
10935,2
17914,3
579,1
7488,2
8963,4
6796,2
3836,1
3188,2
2296,3
15871,1
9894,3
7661,3
14038,4
784,4
3407,1
11140,0
1562,0
7113,4
15454,0
17243,4
18170,3
18616,0
3413,2
9880,1
948,2
9658,0
1204,0
10262,0
2725,4
16613,4
12475,4
9670,3
7885,1
9116,2
6225,2
12313,2
4432,4
18158,0
10504,1
2043,0
19252,4
2057,0
12307,0
14010,3
2731,3
17519,1
16607,1
11168,2
2902,3
11183,0
9857,0
14945,4
11829,0
13780,3
13958,2
11197,3
10289,0
4397,2
5937,2
19285,4
11815,1
18831,4
1364,1
828,2
3573,1
19468,1
17445,0
18776,2
18010,1
5664,1
7073,2
8340,2
15534,1
13145,4
8354,2
182,3
18004,4
11020,4
11008,1
4220,2
16767,1
10316,2
14170,0
54,4
7729,4
12267,4
13179,1
10470,3
4546,1
2123,3
19326,0
9076,0
6423,2
18986,3
16773,0
17486,3
633,1
8383,0
141,0
14825,1
15285,1
2862,2
7932,2
18951,0
19497,3
6392,3
169,2
5857,0
11961,0
16968,2
19483,0
1600,1
8142,2
12059,4
11550,1
3017,2
18212,0
10128,1
7517,4
6609,4
7503,3
1172,1
19118,0
17135,2
7265,2
4744,2
10672,3
14414,4
18548,1
16565,1
3981,0
16571,1
19642,3
4036,4
3759,0
14400,3
8181,3
357,1
6812,0
15093,2
17690,0
12930,2
8195,4
15939,1
343,0
10841,2
6190,2
5499,4
3956,2
8803,4
15905,3
6184,0
12934,3
19861,0
6816,3
12920,2
13380,3
15929,4
8185,0
10879,4
5489,0
12908,3
8807,2
17864,2
14438,0
5476,4
11540,3
3761,3
11226,1
10138,4
13431,0
7507,4
15040,4
5462,1
13343,0
6143,4
4026,4
2457,3
6631,0
1638,2
17119,2
4998,4
4740,2
16950,2
13828,3
9933,4
8393,2
145,1
11959,4
151,1
637,2
9927,0
2872,1
13814,4
11965,1
6382,4
14809,3
11971,0
3588,4
19493,0
7936,2
838,0
8436,3
15242,2
7705,4
1374,4
9728,3
78,3
11024,2
3563,1
5674,1
1412,0
13141,1
16039,3
11756,3
3211,2
10448,3
17327,2
17441,0
4218,1
8422,2
12539,3
2899,0
44,0
3239,0
10460,3
5648,3
2,0
5884,4
9066,4
810,4
12505,3
16763,0
16824,1
9847,1
14799,0
9853,4
2906,4
7856,1
2090,4
14969,2
5933,4
11805,4
18821,1
1200,3
9884,4
5066,3
5700,0
18174,0
18160,3
5714,4
11622,0
11144,1
3403,4
18606,2
15322,3
7665,1
19530,1
10272,1
7895,1
12303,4
2053,3
19256,3
4422,4
5728,2
2047,4
19242,0
15478,4
13009,4
9112,3
7881,2
12471,0
7659,4
964,3
16617,4
11178,1
15691,4
13586,2
8783,1
6976,0
8797,1
15875,1
19097,1
17904,4
4185,3
6786,1
7498,0
1957,4
1764,1
7315,4
15652,1
3173,1
18376,2
8740,3
8754,2
1016,0
17737,0
5270,0
11346,1
16429,3
3167,3
11420,1
17051,2
5516,3
13237,4
1770,4
9304,4
14570,4
6037,0
9462,0
6751,1
4146,3
16401,0
2523,2
12673,1
14202,1
9476,4
6745,2
6023,2
12115,0
1994,2
16373,3
2245,1
9477,2
4153,1
19041,4
12114,1
1981,3
6036,4
14571,0
2250,3
10717,4
4621,0
2536,2
5259,4
9463,1
12666,1
5271,2
1017,2
583,4
8755,3
14559,1
5517,2
17050,4
3166,1
11435,3
12882,1
13544,2
3614,4
17722,1
4190,1
15860,0
3199,3
2287,4
15874,1
8966,3
19928,3
4184,2
17905,3
6963,4
8796,2
12855,4
13593,1
11384,1
8782,1
9113,0
6220,1
12316,3
19243,2
16170,4
10501,3
16616,4
12470,2
1229,4
9675,4
14001,3
971,0
7894,3
6552,1
10273,3
16602,0
18149,2
11623,1
7102,0
959,2
8557,2
9649,2
5073,4
11145,4
19519,3
18613,4
15337,4
13020,0
16158,2
3370,2
17246,1
18175,3
11804,1
5932,3
18820,1
4392,0
18834,1
4386,2
13961,1
11810,0
19294,4
14940,1
11186,0
16831,2
13791,2
742,1
13949,2
13785,0
756,1
8580,0
9846,2
18808,4
11192,0
2913,0
15492,4
8379,4
9067,3
6354,3
18029,4
5885,1
16004,2
16762,1
10313,2
2654,0
6426,2
1349,2
12510,2
805,2
7738,1
4231,4
18983,2
11019,3
10307,1
5649,2
4557,3
16010,2
6340,4
18015,3
15531,3
13140,1
6368,4
14149,0
12538,2
8423,3
4219,3
3576,4
18773,1
3562,4
16992,4
5113,1
839,3
8351,0
4580,2
11970,0
7089,1
14808,3
92,2
7937,0
2683,4
4594,4
9098,3
16945,1
9926,2
16951,3
16789,0
11780,3
13197,2
8392,0
19135,1
11569,4
2330,1
17118,2
6156,3
1639,4
6142,1
9271,3
16212,2
2324,0
10663,3
3984,4
16574,0
19647,0
4033,1
12712,4
3774,3
1163,2
13342,3
15733,3
7274,1
10893,2
18217,3
5463,0
11541,3
2318,2
14439,4
1611,0
8635,4
13430,0
10139,4
3760,3
19848,0
8806,1
1822,2
15914,0
10878,3
1836,0
1188,4
8812,4
12909,3
434,1
6817,0
4966,0
11596,0
15928,4
8190,2
346,3
19860,0
15082,1
6803,3
10852,4
4964,3
8838,0
15080,4
16589,4
1808,3
4780,1
4958,2
6197,1
1820,1
19692,4
3945,3
5461,3
18215,0
10649,2
10891,0
16238,3
8145,3
13426,1
15057,0
19679,1
1175,3
15043,1
15725,4
7262,0
1613,0
387,3
13354,1
18201,0
11543,3
3004,3
6154,0
18229,0
2332,4
10675,0
16562,3
2454,1
19889,0
6632,3
14375,0
7538,4
19645,4
2440,1
17668,3
19123,4
10488,1
152,4
11782,0
17495,2
9918,0
6381,1
1388,4
2681,0
16984,2
3574,3
1363,2
13142,1
19309,2
18017,2
2118,1
18003,4
13156,1
15527,4
7706,0
8435,0
18765,1
16748,3
14177,3
5139,4
2656,0
16006,3
1,0
5887,4
2130,0
14611,2
6356,3
7048,4
4555,3
5893,0
10463,1
18759,0
19447,2
16774,4
807,0
47,3
9850,0
998,4
8596,1
16833,4
2905,3
11184,4
15484,2
14942,1
15490,4
13787,3
13977,2
6587,0
7841,4
3399,2
19282,4
11806,4
19296,3
18188,1
2093,3
4384,1
3400,2
11147,0
6578,1
13750,2
9893,3
7666,1
14759,2
18163,4
3366,3
11621,1
18177,0
15453,2
8227,3
13022,4
15335,1
9677,0
8569,1
967,0
4353,2
16614,4
10265,4
2722,0
18639,1
19241,3
9111,3
6222,1
17278,4
2050,4
19533,0
4347,2
3428,2
10271,1
9663,2
4810,0
10926,2
3819,1
12857,0
6961,1
8958,0
12843,4
6975,1
4804,3
17085,4
15862,3
218,1
8970,1
17907,1
4186,0
8964,3
6949,4
4838,2
11423,4
3164,0
18361,1
7302,4
15123,2
11345,0
5267,0
11351,1
4179,0
7470,4
12658,3
12880,0
15889,2
13220,2
7316,0
11437,1
12116,2
15679,4
4637,1
2246,1
17708,4
2520,4
16416,0
4151,4
7458,0
14201,3
10073,4
19731,0
4623,2
18349,4
8019,1
16403,1
2535,1
12665,1
6035,2
4622,3
5528,4
19042,4
1996,3
6021,2
9474,4
19724,0
16417,2
11378,0
17709,1
17721,2
5500,3
10728,3
11436,3
7317,2
13221,1
7303,1
15644,4
1772,3
5514,4
11344,1
18406,0
13553,4
1014,3
7465,3
15122,0
3830,2
4187,1
17906,0
4839,4
2290,0
219,1
2284,1
6784,4
557,0
4805,4
10927,4
17090,1
15687,4
1969,2
543,0
10099,4
4420,3
19254,0
11608,4
6237,4
14770,2
972,1
12467,3
6551,4
9662,1
5058,2
2737,2
3429,0
10264,4
4352,4
14002,4
6223,3
1564,1
18610,1
5064,1
17523,0
11152,0
8540,3
7673,4
9892,0
18162,1
1570,4
12329,3
18189,2
18837,4
4385,1
7854,3
18823,3
11807,4
3398,2
5931,1
8583,3
12498,1
2904,2
741,1
13792,0
14943,3
15485,0
17292,0
12275,3
6343,0
6425,0
46,0
12513,1
18758,2
16761,0
19452,2
2657,2
14176,1
812,2
15268,1
14610,1
9064,2
17319,2
10476,4
5886,3
11768,3
16007,3
15526,2
14638,1
5676,2
18002,4
10338,3
16991,4
15240,1
15254,0
11032,3
16985,3
5104,0
18016,3
5662,0
17325,4
6380,0
5851,0
4597,4
9919,1
91,3
11973,0
11783,1
147,3
13194,2
9931,4
621,0
9925,0
153,3
13180,0
11797,4
10489,1
2441,2
19644,2
4030,3
9272,3
6141,1
19122,4
10660,1
4742,4
18228,4
10112,0
2455,1
19650,3
11224,1
10884,0
3005,2
8150,2
10890,2
11556,0
18572,1
15056,4
12739,1
4795,1
15903,0
379,4
17866,2
6828,4
17696,1
12936,0
345,2
11595,3
8187,2
437,0
12922,4
6814,1
